id,ticker,signal_type,direction,confidence,price_at_signal,regime,notes,created_at
1,NVDA,MOMENTUM,BUY,90.0,219.440002441406,BULL,"RSI (68.5) | MACD above signal | Above MA50 (189.49) | Above MA200 (184.95) | Normal volume (1.1x avg) | Regime=BULL | VolAdj=+0.0 | SectorAdj=+10.0 | Raw=70.0 → Final=90.0","2026-05-12 12:11:17"
2,AAPL,MOMENTUM,BUY,70.0,292.679992675781,BULL,"RSI (72.4) | MACD above signal | Above MA50 (263.14) | Above MA200 (256.92) | Low volume (0.8x avg) | Regime=BULL | VolAdj=+0.0 | SectorAdj=+10.0 | Raw=60.0 → Final=70.0","2026-05-12 12:11:18"
3,AMD,MOMENTUM,BUY,65.0,458.790008544922,BULL,"RSI overbought (81.1) | MACD above signal | Above MA50 (259.68) | Above MA200 (218.84) | Low volume (1.0x avg) | Regime=BULL | VolAdj=+0.0 | SectorAdj=+10.0 | Raw=55.0 → Final=65.0","2026-05-12 12:11:19"
4,TSLA,MOMENTUM,BUY,75.0,445.0,BULL,"RSI (74.1) | MACD above signal | Above MA50 (384.04) | Above MA200 (405.08) | Normal volume (1.2x avg) | Regime=BULL | VolAdj=+5.0 | SectorAdj=-10.0 | Raw=70.0 → Final=75.0","2026-05-12 12:11:22"
5,META,MOMENTUM,BUY,70.0,598.859985351563,BULL,"Near lower BB — oversold (0.12) | RSI below midline (39.2) | 5%+ below MA20 — strong reversion candidate | Regime=BULL | VolAdj=+0.0 | SectorAdj=-10.0 | Raw=70.0 → Final=70.0","2026-05-12 12:11:23"
6,ASML,MOMENTUM,BUY,95.0,1565.81005859375,BULL,"RSI (61.2) | MACD above signal | Above MA50 (1402.23) | Above MA200 (1136.00) | Normal volume (1.2x avg) | Regime=BULL | VolAdj=+5.0 | SectorAdj=+10.0 | Raw=70.0 → Final=95.0","2026-05-12 12:11:25"
7,IBM,MOMENTUM,BUY,70.0,223.550003051758,BULL,"Near lower BB — oversold (0.22) | RSI below midline (39.2) | Below MA20 by 4.9% | Regime=BULL | VolAdj=+0.0 | SectorAdj=+10.0 | Raw=60.0 → Final=70.0","2026-05-12 12:11:26"
8,NVDA,MOMENTUM,BUY,90.0,219.525695800781,BULL,"RSI (68.5) | MACD above signal | Above MA50 (189.49) | Above MA200 (184.95) | Normal volume (1.1x avg) | Regime=BULL | VolAdj=+0.0 | SectorAdj=+10.0 | Raw=70.0 → Final=90.0","2026-05-12 14:27:04"
9,AAPL,MOMENTUM,BUY,70.0,294.200012207031,BULL,"RSI (72.4) | MACD above signal | Above MA50 (263.14) | Above MA200 (256.92) | Low volume (0.8x avg) | Regime=BULL | VolAdj=+0.0 | SectorAdj=+10.0 | Raw=60.0 → Final=70.0","2026-05-12 14:27:05"
10,AMD,MOMENTUM,BUY,65.0,449.450012207031,BULL,"RSI overbought (81.1) | MACD above signal | Above MA50 (259.68) | Above MA200 (218.84) | Low volume (1.0x avg) | Regime=BULL | VolAdj=+0.0 | SectorAdj=+10.0 | Raw=55.0 → Final=65.0","2026-05-12 14:27:06"
11,TSLA,MOMENTUM,BUY,75.0,437.799987792969,BULL,"RSI (74.1) | MACD above signal | Above MA50 (384.04) | Above MA200 (405.08) | Normal volume (1.2x avg) | Regime=BULL | VolAdj=+5.0 | SectorAdj=-10.0 | Raw=70.0 → Final=75.0","2026-05-12 14:27:08"
12,NVDA,MOMENTUM,BUY,90.0,217.440002441406,BULL,"RSI (68.5) | MACD above signal | Above MA50 (189.49) | Above MA200 (184.95) | Normal volume (1.1x avg) | Regime=BULL | VolAdj=+0.0 | SectorAdj=+10.0 | Raw=70.0 → Final=90.0","2026-05-12 15:00:03"
13,AAPL,MOMENTUM,BUY,70.0,294.875,BULL,"RSI (72.4) | MACD above signal | Above MA50 (263.14) | Above MA200 (256.92) | Low volume (0.8x avg) | Regime=BULL | VolAdj=+0.0 | SectorAdj=+10.0 | Raw=60.0 → Final=70.0","2026-05-12 15:00:04"
14,AMD,MOMENTUM,BUY,65.0,443.445007324219,BULL,"RSI overbought (81.1) | MACD above signal | Above MA50 (259.68) | Above MA200 (218.84) | Low volume (1.0x avg) | Regime=BULL | VolAdj=+0.0 | SectorAdj=+10.0 | Raw=55.0 → Final=65.0","2026-05-12 15:00:06"
15,TSLA,MOMENTUM,BUY,75.0,430.529907226563,BULL,"RSI (74.1) | MACD above signal | Above MA50 (384.04) | Above MA200 (405.08) | Normal volume (1.2x avg) | Regime=BULL | VolAdj=+5.0 | SectorAdj=-10.0 | Raw=70.0 → Final=75.0","2026-05-12 15:00:09"
16,NVDA,MOMENTUM,BUY,90.0,220.779998779297,BULL,"RSI (69.3) | MACD above signal | Above MA50 (190.26) | Above MA200 (185.18) | Normal volume (1.0x avg) | Regime=BULL | VolAdj=+0.0 | SectorAdj=+10.0 | Raw=70.0 → Final=90.0","2026-05-13 08:30:29"
17,AAPL,MOMENTUM,BUY,70.0,294.799987792969,BULL,"RSI (73.7) | MACD above signal | Above MA50 (263.74) | Above MA200 (257.32) | Low volume (0.9x avg) | Regime=BULL | VolAdj=+0.0 | SectorAdj=+10.0 | Raw=60.0 → Final=70.0","2026-05-13 08:30:30"
18,AMD,MOMENTUM,BUY,65.0,448.290008544922,BULL,"RSI overbought (77.2) | MACD above signal | Above MA50 (264.68) | Above MA200 (220.25) | Low volume (0.8x avg) | Regime=BULL | VolAdj=+0.0 | SectorAdj=+10.0 | Raw=55.0 → Final=65.0","2026-05-13 08:30:31"
19,MSFT,MOMENTUM,BUY,65.0,407.769989013672,BULL,"Near lower BB — oversold (0.12) | RSI neutral (49.0) | Below MA20 by 2.5% | Regime=BULL | VolAdj=+0.0 | SectorAdj=+10.0 | Raw=55.0 → Final=65.0","2026-05-13 08:30:32"
20,AAPL,PAPER_MOMENTUM,BUY,70.0,294.799987792969,BULL,"[PAPER SCANNER] RSI (73.7) | MACD above signal | Above MA50 (263.74) | Above MA200 (257.32) | Low volume (0.9x avg) | Regime=BULL | VolAdj=+0.0 | SectorAdj=+10.0 | Raw=60.0 → Final=70.0","2026-05-13 13:06:12"
21,MSFT,PAPER_MEAN_REVERSION,BUY,65.0,407.769989013672,BULL,"[PAPER SCANNER] Near lower BB — oversold (0.12) | RSI neutral (49.0) | Below MA20 by 2.5% | Regime=BULL | VolAdj=+0.0 | SectorAdj=+10.0 | Raw=55.0 → Final=65.0","2026-05-13 13:06:13"
22,NVDA,PAPER_MOMENTUM,BUY,90.0,220.779998779297,BULL,"[PAPER SCANNER] RSI (69.3) | MACD above signal | Above MA50 (190.26) | Above MA200 (185.18) | Normal volume (1.0x avg) | Regime=BULL | VolAdj=+0.0 | SectorAdj=+10.0 | Raw=70.0 → Final=90.0","2026-05-13 13:06:14"
23,LLY,PAPER_MOMENTUM,BUY,75.0,989.869995117188,BULL,"[PAPER SCANNER] RSI neutral (59.6) | MACD above signal | Above MA50 (939.52) | Above MA200 (916.41) | Low volume (0.8x avg) | Regime=BULL | VolAdj=+0.0 | SectorAdj=+0.0 | Raw=65.0 → Final=75.0","2026-05-13 13:06:17"
24,JPM,PAPER_MOMENTUM,BUY,85.0,304.880004882813,BULL,"[PAPER SCANNER] RSI bullish zone (48.5) | MACD below signal | Above MA50 (299.50) | Above MA200 (302.85) | Normal volume (1.2x avg) | Regime=BULL | VolAdj=+5.0 | SectorAdj=+0.0 | Raw=70.0 → Final=85.0","2026-05-13 13:06:17"
25,UNH,PAPER_MOMENTUM,BUY,80.0,396.390014648438,BULL,"[PAPER SCANNER] RSI overbought (84.6) | MACD above signal | Above MA50 (313.62) | Above MA200 (315.36) | Normal volume (1.1x avg) | Regime=BULL | VolAdj=+5.0 | SectorAdj=+0.0 | Raw=65.0 → Final=80.0","2026-05-13 13:06:18"
26,COST,PAPER_MOMENTUM,BUY,100.0,1021.88000488281,BULL,"[PAPER SCANNER] RSI neutral (57.6) | MACD bullish crossover | Above MA50 (997.71) | Above MA200 (950.25) | Normal volume (1.2x avg) | Regime=BULL | VolAdj=+5.0 | SectorAdj=+0.0 | Raw=85.0 → Final=100.0","2026-05-13 13:06:20"
27,AAPL,PAPER_MOMENTUM,BUY,70.0,295.654998779297,BULL,"[PAPER SCANNER] RSI (73.7) | MACD above signal | Above MA50 (263.74) | Above MA200 (257.32) | Low volume (0.9x avg) | Regime=BULL | VolAdj=+0.0 | SectorAdj=+10.0 | Raw=60.0 → Final=70.0","2026-05-13 13:57:01"
28,MSFT,PAPER_MEAN_REVERSION,BUY,65.0,402.5,BULL,"[PAPER SCANNER] Near lower BB — oversold (0.12) | RSI neutral (49.0) | Below MA20 by 2.5% | Regime=BULL | VolAdj=+0.0 | SectorAdj=+10.0 | Raw=55.0 → Final=65.0","2026-05-13 13:57:02"
29,NVDA,PAPER_MOMENTUM,BUY,90.0,223.464996337891,BULL,"[PAPER SCANNER] RSI (69.3) | MACD above signal | Above MA50 (190.26) | Above MA200 (185.18) | Normal volume (1.0x avg) | Regime=BULL | VolAdj=+0.0 | SectorAdj=+10.0 | Raw=70.0 → Final=90.0","2026-05-13 13:57:03"
30,LLY,PAPER_MOMENTUM,BUY,75.0,1005.82012939453,BULL,"[PAPER SCANNER] RSI neutral (59.6) | MACD above signal | Above MA50 (939.52) | Above MA200 (916.41) | Low volume (0.8x avg) | Regime=BULL | VolAdj=+0.0 | SectorAdj=+0.0 | Raw=65.0 → Final=75.0","2026-05-13 13:57:06"
31,JPM,PAPER_MOMENTUM,BUY,85.0,301.869995117188,BULL,"[PAPER SCANNER] RSI bullish zone (48.5) | MACD below signal | Above MA50 (299.50) | Above MA200 (302.85) | Normal volume (1.2x avg) | Regime=BULL | VolAdj=+5.0 | SectorAdj=+0.0 | Raw=70.0 → Final=85.0","2026-05-13 13:57:06"
32,UNH,PAPER_MOMENTUM,BUY,80.0,394.720001220703,BULL,"[PAPER SCANNER] RSI overbought (84.6) | MACD above signal | Above MA50 (313.62) | Above MA200 (315.36) | Normal volume (1.1x avg) | Regime=BULL | VolAdj=+5.0 | SectorAdj=+0.0 | Raw=65.0 → Final=80.0","2026-05-13 13:57:08"
33,COST,PAPER_MOMENTUM,BUY,100.0,1039.38500976563,BULL,"[PAPER SCANNER] RSI neutral (57.6) | MACD bullish crossover | Above MA50 (997.71) | Above MA200 (950.25) | Normal volume (1.2x avg) | Regime=BULL | VolAdj=+5.0 | SectorAdj=+0.0 | Raw=85.0 → Final=100.0","2026-05-13 13:57:09"
34,AAPL,PAPER_MOMENTUM,BUY,70.0,295.929992675781,BULL,"[PAPER SCANNER] RSI (73.7) | MACD above signal | Above MA50 (263.74) | Above MA200 (257.32) | Low volume (0.9x avg) | Regime=BULL | VolAdj=+0.0 | SectorAdj=+10.0 | Raw=60.0 → Final=70.0","2026-05-13 14:14:14"
35,MSFT,PAPER_MEAN_REVERSION,BUY,65.0,404.049987792969,BULL,"[PAPER SCANNER] Near lower BB — oversold (0.12) | RSI neutral (49.0) | Below MA20 by 2.5% | Regime=BULL | VolAdj=+0.0 | SectorAdj=+10.0 | Raw=55.0 → Final=65.0","2026-05-13 14:14:14"
36,NVDA,PAPER_MOMENTUM,BUY,90.0,224.184005737305,BULL,"[PAPER SCANNER] RSI (69.3) | MACD above signal | Above MA50 (190.26) | Above MA200 (185.18) | Normal volume (1.0x avg) | Regime=BULL | VolAdj=+0.0 | SectorAdj=+10.0 | Raw=70.0 → Final=90.0","2026-05-13 14:14:15"
37,LLY,PAPER_MOMENTUM,BUY,75.0,1001.35498046875,BULL,"[PAPER SCANNER] RSI neutral (59.6) | MACD above signal | Above MA50 (939.52) | Above MA200 (916.41) | Low volume (0.8x avg) | Regime=BULL | VolAdj=+0.0 | SectorAdj=+0.0 | Raw=65.0 → Final=75.0","2026-05-13 14:14:17"
38,JPM,PAPER_MOMENTUM,BUY,85.0,301.709991455078,BULL,"[PAPER SCANNER] RSI bullish zone (48.5) | MACD below signal | Above MA50 (299.50) | Above MA200 (302.85) | Normal volume (1.2x avg) | Regime=BULL | VolAdj=+5.0 | SectorAdj=+0.0 | Raw=70.0 → Final=85.0","2026-05-13 14:14:17"
39,UNH,PAPER_MOMENTUM,BUY,80.0,397.779998779297,BULL,"[PAPER SCANNER] RSI overbought (84.6) | MACD above signal | Above MA50 (313.62) | Above MA200 (315.36) | Normal volume (1.1x avg) | Regime=BULL | VolAdj=+5.0 | SectorAdj=+0.0 | Raw=65.0 → Final=80.0","2026-05-13 14:14:19"
40,COST,PAPER_MOMENTUM,BUY,100.0,1035.47998046875,BULL,"[PAPER SCANNER] RSI neutral (57.6) | MACD bullish crossover | Above MA50 (997.71) | Above MA200 (950.25) | Normal volume (1.2x avg) | Regime=BULL | VolAdj=+5.0 | SectorAdj=+0.0 | Raw=85.0 → Final=100.0","2026-05-13 14:14:20"
41,HD,PAPER_MEAN_REVERSION,BUY,80.0,304.545013427734,BULL,"[PAPER SCANNER] Near lower BB — oversold (0.11) | RSI below midline (35.8) | 5%+ below MA20 — strong reversion candidate | Regime=BULL | VolAdj=+0.0 | SectorAdj=+0.0 | Raw=70.0 → Final=80.0","2026-05-13 14:14:21"
42,BAC,PAPER_MEAN_REVERSION,BUY,80.0,50.5149993896484,BULL,"[PAPER SCANNER] At lower BB — strong oversold (-0.01) | RSI below midline (42.5) | Below MA20 by 3.8% | Regime=BULL | VolAdj=+0.0 | SectorAdj=+0.0 | Raw=70.0 → Final=80.0","2026-05-13 14:14:22"
43,KO,PAPER_MOMENTUM,BUY,85.0,80.5599975585938,BULL,"[PAPER SCANNER] RSI (64.3) | MACD above signal | Above MA50 (76.83) | Above MA200 (71.59) | Normal volume (1.4x avg) | Regime=BULL | VolAdj=+5.0 | SectorAdj=+0.0 | Raw=70.0 → Final=85.0","2026-05-13 14:14:22"
44,CRM,PAPER_MEAN_REVERSION,BUY,80.0,169.100006103516,BULL,"[PAPER SCANNER] At lower BB — strong oversold (-0.06) | RSI below midline (38.8) | 5%+ below MA20 — strong reversion candidate | Regime=BULL | VolAdj=-10.0 | SectorAdj=+0.0 | Raw=80.0 → Final=80.0","2026-05-13 14:14:24"
45,AMD,PAPER_MOMENTUM,BUY,65.0,436.015014648438,BULL,"[PAPER SCANNER] RSI overbought (77.2) | MACD above signal | Above MA50 (264.68) | Above MA200 (220.25) | Low volume (0.8x avg) | Regime=BULL | VolAdj=+0.0 | SectorAdj=+10.0 | Raw=55.0 → Final=65.0","2026-05-13 14:14:25"
46,TMO,PAPER_MEAN_REVERSION,BUY,70.0,452.489990234375,BULL,"[PAPER SCANNER] Near lower BB — oversold (0.22) | RSI below midline (37.1) | 5%+ below MA20 — strong reversion candidate | Regime=BULL | VolAdj=-10.0 | SectorAdj=+0.0 | Raw=70.0 → Final=70.0","2026-05-13 14:14:27"
47,ACN,PAPER_MEAN_REVERSION,BUY,90.0,162.998992919922,BULL,"[PAPER SCANNER] At lower BB — strong oversold (-0.02) | RSI oversold (28.6) | 5%+ below MA20 — strong reversion candidate | Regime=BULL | VolAdj=-10.0 | SectorAdj=+0.0 | Raw=90.0 → Final=90.0","2026-05-13 14:14:27"
48,LIN,PAPER_MOMENTUM,BUY,75.0,512.02001953125,BULL,"[PAPER SCANNER] RSI neutral (58.5) | MACD bullish crossover | Above MA50 (496.44) | Above MA200 (460.97) | Low volume (0.2x avg) | Regime=BULL | VolAdj=-10.0 | SectorAdj=+0.0 | Raw=75.0 → Final=75.0","2026-05-13 14:14:28"
49,MCD,PAPER_MEAN_REVERSION,BUY,80.0,276.209991455078,BULL,"[PAPER SCANNER] Near lower BB — oversold (0.17) | RSI oversold (27.5) | 5%+ below MA20 — strong reversion candidate | Regime=BULL | VolAdj=-10.0 | SectorAdj=+0.0 | Raw=80.0 → Final=80.0","2026-05-13 14:14:29"
50,IBM,PAPER_MEAN_REVERSION,BUY,90.0,214.020004272461,BULL,"[PAPER SCANNER] Near lower BB — oversold (0.15) | RSI below midline (36.2) | 5%+ below MA20 — strong reversion candidate | Regime=BULL | VolAdj=+0.0 | SectorAdj=+10.0 | Raw=70.0 → Final=90.0","2026-05-13 14:14:32"
51,ISRG,PAPER_MEAN_REVERSION,BUY,80.0,430.75,BULL,"[PAPER SCANNER] At lower BB — strong oversold (0.10) | RSI below midline (37.0) | 5%+ below MA20 — strong reversion candidate | Regime=BULL | VolAdj=-10.0 | SectorAdj=+0.0 | Raw=80.0 → Final=80.0","2026-05-13 14:14:36"
52,AMGN,PAPER_MOMENTUM,BUY,65.0,332.609985351563,BULL,"[PAPER SCANNER] RSI bullish zone (43.2) | MACD bullish crossover | Below MA50 (349.55) | Above MA200 (323.44) | Low volume (0.1x avg) | Regime=BULL | VolAdj=-10.0 | SectorAdj=+0.0 | Raw=65.0 → Final=65.0","2026-05-13 14:14:38"
53,DHR,PAPER_MEAN_REVERSION,BUY,90.0,165.229995727539,BULL,"[PAPER SCANNER] Near lower BB — oversold (0.12) | RSI extremely oversold (24.9) | 5%+ below MA20 — strong reversion candidate | Regime=BULL | VolAdj=-10.0 | SectorAdj=+0.0 | Raw=90.0 → Final=90.0","2026-05-13 14:14:39"
54,NVDA,MOMENTUM,BUY,65.0,234.455001831055,BULL,"RSI overbought (76.2) | MACD above signal | Above MA50 (192.20) | Above MA200 (185.72) | Low volume (0.8x avg) | Regime=BULL | VolAdj=+0.0 | SectorAdj=+10.0 | Raw=55.0 → Final=65.0","2026-05-14 17:51:44"
55,IBM,MEAN_REVERSION,BUY,80.0,219.300003051758,BULL,"Near lower BB — oversold (0.23) | RSI below midline (38.7) | 5%+ below MA20 — strong reversion candidate | Regime=BULL | VolAdj=-10.0 | SectorAdj=+10.0 | Raw=70.0 → Final=80.0","2026-05-14 17:51:52"
56,LLY,PAPER_MOMENTUM,BUY,65.0,992.289978027344,BULL,"[PAPER SCANNER] RSI neutral (58.0) | MACD above signal | Above MA50 (938.67) | Above MA200 (919.67) | Low volume (0.0x avg) | Regime=BULL | VolAdj=-10.0 | SectorAdj=+0.0 | Raw=65.0 → Final=65.0","2026-05-18 13:45:07"
57,XOM,PAPER_MOMENTUM,BUY,65.0,156.330001831055,BULL,"[PAPER SCANNER] RSI neutral (57.7) | MACD above signal | Above MA50 (154.06) | Above MA200 (128.30) | Low volume (0.1x avg) | Regime=BULL | VolAdj=-10.0 | SectorAdj=+0.0 | Raw=65.0 → Final=65.0","2026-05-18 13:45:09"
58,HD,PAPER_MEAN_REVERSION,BUY,80.0,300.670013427734,BULL,"[PAPER SCANNER] Near lower BB — oversold (0.13) | RSI oversold (33.5) | 5%+ below MA20 — strong reversion candidate | Regime=BULL | VolAdj=-10.0 | SectorAdj=+0.0 | Raw=80.0 → Final=80.0","2026-05-18 13:45:15"
59,TMO,PAPER_MEAN_REVERSION,BUY,80.0,438.570007324219,BULL,"[PAPER SCANNER] Near lower BB — oversold (0.15) | RSI oversold (33.3) | 5%+ below MA20 — strong reversion candidate | Regime=BULL | VolAdj=-10.0 | SectorAdj=+0.0 | Raw=80.0 → Final=80.0","2026-05-18 13:45:22"
60,LIN,PAPER_MOMENTUM,BUY,65.0,508.747100830078,BULL,"[PAPER SCANNER] RSI neutral (55.2) | MACD above signal | Above MA50 (497.62) | Above MA200 (461.69) | Low volume (0.1x avg) | Regime=BULL | VolAdj=-10.0 | SectorAdj=+0.0 | Raw=65.0 → Final=65.0","2026-05-18 13:45:23"
61,GS,PAPER_MOMENTUM,BUY,65.0,953.156799316406,BULL,"[PAPER SCANNER] RSI neutral (59.3) | MACD above signal | Above MA50 (883.83) | Above MA200 (838.32) | Low volume (0.1x avg) | Regime=BULL | VolAdj=-10.0 | SectorAdj=+0.0 | Raw=65.0 → Final=65.0","2026-05-18 13:45:29"
62,ISRG,PAPER_MEAN_REVERSION,BUY,70.0,428.269989013672,BULL,"[PAPER SCANNER] Near lower BB — oversold (0.20) | RSI below midline (38.3) | 5%+ below MA20 — strong reversion candidate | Regime=BULL | VolAdj=-10.0 | SectorAdj=+0.0 | Raw=70.0 → Final=70.0","2026-05-18 13:45:30"
63,BKNG,PAPER_MEAN_REVERSION,BUY,70.0,155.690002441406,BULL,"[PAPER SCANNER] Near lower BB — oversold (0.18) | RSI below midline (35.8) | 5%+ below MA20 — strong reversion candidate | Regime=BULL | VolAdj=-10.0 | SectorAdj=+0.0 | Raw=70.0 → Final=70.0","2026-05-18 13:45:31"
64,RTX,PAPER_MEAN_REVERSION,BUY,70.0,172.110000610352,BULL,"[PAPER SCANNER] Near lower BB — oversold (0.22) | RSI oversold (34.2) | Below MA20 by 2.3% | Regime=BULL | VolAdj=-10.0 | SectorAdj=+0.0 | Raw=70.0 → Final=70.0","2026-05-18 13:45:32"
65,DHR,PAPER_MEAN_REVERSION,BUY,80.0,163.130004882813,BULL,"[PAPER SCANNER] Near lower BB — oversold (0.14) | RSI oversold (25.4) | 5%+ below MA20 — strong reversion candidate | Regime=BULL | VolAdj=-10.0 | SectorAdj=+0.0 | Raw=80.0 → Final=80.0","2026-05-18 13:45:34"
66,BLK,PAPER_MOMENTUM,BUY,65.0,1084.19995117188,BULL,"[PAPER SCANNER] RSI neutral (58.8) | MACD above signal | Above MA50 (1014.05) | Above MA200 (1072.53) | Low volume (0.0x avg) | Regime=BULL | VolAdj=-10.0 | SectorAdj=+0.0 | Raw=65.0 → Final=65.0","2026-05-18 13:45:35"
67,T,PAPER_MEAN_REVERSION,BUY,90.0,24.1450004577637,BULL,"[PAPER SCANNER] At lower BB — strong oversold (0.02) | RSI oversold (31.4) | 5%+ below MA20 — strong reversion candidate | Regime=BULL | VolAdj=-10.0 | SectorAdj=+0.0 | Raw=90.0 → Final=90.0","2026-05-18 13:45:36"
68,LOW,PAPER_MEAN_REVERSION,BUY,70.0,219.779998779297,BULL,"[PAPER SCANNER] Near lower BB — oversold (0.17) | RSI below midline (37.1) | 5%+ below MA20 — strong reversion candidate | Regime=BULL | VolAdj=-10.0 | SectorAdj=+0.0 | Raw=70.0 → Final=70.0","2026-05-18 13:45:37"
69,UNP,PAPER_MOMENTUM,BUY,70.0,271.859985351563,BULL,"[PAPER SCANNER] RSI (65.2) | MACD bullish crossover | Above MA50 (253.11) | Above MA200 (235.65) | Low volume (0.0x avg) | Regime=BULL | VolAdj=-10.0 | SectorAdj=+0.0 | Raw=70.0 → Final=70.0","2026-05-18 13:45:38"
70,BA,PAPER_MEAN_REVERSION,BUY,70.0,219.259994506836,BULL,"[PAPER SCANNER] At lower BB — strong oversold (0.09) | RSI below midline (43.7) | Below MA20 by 4.4% | Regime=BULL | VolAdj=-10.0 | SectorAdj=+0.0 | Raw=70.0 → Final=70.0","2026-05-18 13:45:42"
71,ETN,PAPER_MEAN_REVERSION,BUY,80.0,385.144989013672,BULL,"[PAPER SCANNER] At lower BB — strong oversold (-0.11) | RSI below midline (42.7) | 5%+ below MA20 — strong reversion candidate | Regime=BULL | VolAdj=-10.0 | SectorAdj=+0.0 | Raw=80.0 → Final=80.0","2026-05-18 13:45:43"
72,CI,PAPER_MOMENTUM,BUY,65.0,286.024993896484,BULL,"[PAPER SCANNER] RSI neutral (52.0) | MACD above signal | Above MA50 (275.52) | Above MA200 (279.78) | Low volume (0.0x avg) | Regime=BULL | VolAdj=-10.0 | SectorAdj=+0.0 | Raw=65.0 → Final=65.0","2026-05-18 13:45:50"
73,EQIX,PAPER_MEAN_REVERSION,BUY,65.0,1061.15002441406,BULL,"[PAPER SCANNER] At lower BB — strong oversold (0.09) | RSI neutral (48.8) | Below MA20 by 2.1% | Regime=BULL | VolAdj=-10.0 | SectorAdj=+0.0 | Raw=65.0 → Final=65.0","2026-05-18 13:45:50"
74,ANET,PAPER_MEAN_REVERSION,BUY,70.0,139.869995117188,BULL,"[PAPER SCANNER] Near lower BB — oversold (0.19) | RSI below midline (41.0) | 5%+ below MA20 — strong reversion candidate | Regime=BULL | VolAdj=-10.0 | SectorAdj=+0.0 | Raw=70.0 → Final=70.0","2026-05-18 13:45:54"
75,EOG,PAPER_MOMENTUM,BUY,65.0,139.860000610352,BULL,"[PAPER SCANNER] RSI neutral (57.7) | MACD above signal | Above MA50 (136.51) | Above MA200 (117.07) | Low volume (0.1x avg) | Regime=BULL | VolAdj=-10.0 | SectorAdj=+0.0 | Raw=65.0 → Final=65.0","2026-05-18 13:45:55"
76,ASML,MOMENTUM,BUY,75.0,1480.19995117188,BULL,"RSI neutral (50.4) | MACD above signal | Above MA50 (1419.01) | Above MA200 (1156.58) | Low volume (0.4x avg) | Regime=BULL | VolAdj=-10.0 | SectorAdj=+10.0 | Raw=65.0 → Final=75.0","2026-05-18 14:52:24"
77,REGN,PAPER_MEAN_REVERSION,BUY,90.0,644.874816894531,BULL,"[PAPER SCANNER] At lower BB — strong oversold (0.06) | RSI oversold (31.9) | 5%+ below MA20 — strong reversion candidate | Regime=BULL | VolAdj=-10.0 | SectorAdj=+0.0 | Raw=90.0 → Final=90.0","2026-05-20 13:49:11"
78,NVDA,MOMENTUM,BUY,70.0,219.509994506836,BULL,"RSI neutral (57.8) | MACD bearish crossover | Above MA50 (196.16) | Above MA200 (186.84) | Normal volume (1.2x avg) | Regime=BULL | VolAdj=+5.0 | SectorAdj=+10.0 | Raw=55.0 → Final=70.0","2026-05-22 06:23:02"
79,WMT,PAPER_MEAN_REVERSION,BUY,90.0,120.245002746582,BULL,"[PAPER SCANNER] At lower BB — strong oversold (-0.15) | RSI oversold (34.7) | 5%+ below MA20 — strong reversion candidate | Regime=BULL | VolAdj=-10.0 | SectorAdj=+0.0 | Raw=90.0 → Final=90.0","2026-05-22 17:06:28"
80,IBM,MOMENTUM,BUY,75.0,253.839996337891,BULL,"RSI (66.8) | MACD above signal | Above MA50 (236.56) | Below MA200 (266.57) | High volume (2.5x avg) | Regime=BULL | VolAdj=+10.0 | SectorAdj=+10.0 | Raw=55.0 → Final=75.0","2026-05-25 12:27:09"
81,ASML,MOMENTUM,BUY,70.0,1632.90002441406,BULL,"RSI (62.2) | MACD above signal | Above MA50 (1434.20) | MA200 unavailable - neutral | Normal volume (1.0x avg) | Regime=BULL | VolAdj=+0.0 | SectorAdj=+10.0 | Raw=60.0 → Final=70.0","2026-05-25 16:16:29"
82,IBM,MOMENTUM,BUY,75.0,253.839996337891,BULL,"RSI (66.8) | MACD above signal | Above MA50 (236.56) | Below MA200 (266.57) | High volume (2.5x avg) | Regime=BULL | VolAdj=+10.0 | SectorAdj=+10.0 | Raw=55.0 → Final=75.0","2026-05-25 16:16:30"
83,VUKE.L,MOMENTUM,BUY,75.0,45.6549987792969,BULL,"RSI neutral (56.5) | MACD above signal | Above MA50 (44.96) | Above MA200 (42.75) | Low volume (0.9x avg) | Regime=BULL | VolAdj=+0.0 | SectorAdj=+0.0 | Raw=65.0 → Final=75.0","2026-05-25 16:16:31"
84,NVDA,MOMENTUM,BUY,70.0,215.330001831055,BULL,"RSI neutral (53.7) | MACD below signal | Above MA50 (196.81) | Above MA200 (187.02) | Normal volume (1.0x avg) | Regime=BULL | VolAdj=+0.0 | SectorAdj=+10.0 | Raw=60.0 → Final=70.0","2026-05-25 18:46:19"
85,AAPL,MOMENTUM,BUY,65.0,308.820007324219,BULL,"RSI overbought (78.6) | MACD above signal | Above MA50 (270.36) | Above MA200 (261.09) | Low volume (0.9x avg) | Regime=BULL | VolAdj=+0.0 | SectorAdj=+10.0 | Raw=55.0 → Final=65.0","2026-05-25 18:46:20"
86,IBM,MOMENTUM,BUY,95.0,253.839996337891,BULL,"RSI (67.5) | MACD above signal | Above MA50 (236.56) | MA200 unavailable - neutral | High volume (2.5x avg) | Regime=BULL | VolAdj=+10.0 | SectorAdj=+10.0 | Raw=65.0 → Final=95.0","2026-05-25 19:30:08"
87,ASML,MOMENTUM,BUY,70.0,1630.23999023438,BULL,"RSI (62.2) | MACD above signal | Above MA50 (1434.20) | MA200 unavailable - neutral | Normal volume (1.0x avg) | Regime=BULL | VolAdj=+0.0 | SectorAdj=+10.0 | Raw=60.0 → Final=70.0","2026-05-26 13:53:00"
88,IBM,MOMENTUM,BUY,95.0,250.067504882813,BULL,"RSI (67.5) | MACD above signal | Above MA50 (236.56) | MA200 unavailable - neutral | High volume (2.5x avg) | Regime=BULL | VolAdj=+10.0 | SectorAdj=+10.0 | Raw=65.0 → Final=95.0","2026-05-26 13:53:02"
89,IBM,PAPER_MOMENTUM,BUY,95.0,250.815002441406,BULL,"[PAPER SCANNER] RSI (67.5) | MACD above signal | Above MA50 (236.56) | MA200 unavailable - neutral | High volume (2.5x avg) | Regime=BULL | VolAdj=+10.0 | SectorAdj=+10.0 | Raw=65.0 → Final=95.0","2026-05-26 13:54:24"
90,INTU,PAPER_MEAN_REVERSION,BUY,90.0,310.75,BULL,"[PAPER SCANNER] At lower BB — strong oversold (-0.08) | RSI oversold (31.6) | 5%+ below MA20 — strong reversion candidate | Regime=BULL | VolAdj=-10.0 | SectorAdj=+0.0 | Raw=90.0 → Final=90.0","2026-05-26 13:54:24"
91,DE,PAPER_MEAN_REVERSION,BUY,90.0,527.482971191406,BULL,"[PAPER SCANNER] At lower BB — strong oversold (-0.03) | RSI oversold (32.5) | 5%+ below MA20 — strong reversion candidate | Regime=BULL | VolAdj=-10.0 | SectorAdj=+0.0 | Raw=90.0 → Final=90.0","2026-05-26 13:54:24"
92,UBER,PAPER_MEAN_REVERSION,BUY,80.0,70.5,BULL,"[PAPER SCANNER] At lower BB — strong oversold (-0.10) | RSI below midline (36.7) | 5%+ below MA20 — strong reversion candidate | Regime=BULL | VolAdj=-10.0 | SectorAdj=+0.0 | Raw=80.0 → Final=80.0","2026-05-26 13:54:25"
93,NKTR,PAPER_MEAN_REVERSION,BUY,80.0,66.7799987792969,BULL,"[PAPER SCANNER] Near lower BB — oversold (0.14) | RSI oversold (31.4) | 5%+ below MA20 — strong reversion candidate | Regime=BULL | VolAdj=-10.0 | SectorAdj=+0.0 | Raw=80.0 → Final=80.0","2026-05-26 13:54:25"
94,AMD,MOMENTUM,BUY,75.0,491.850006103516,BULL,"RSI overbought (75.8) | MACD bullish crossover | Above MA50 (309.16) | Above MA200 (232.47) | Low volume (0.2x avg) | Regime=BULL | VolAdj=-10.0 | SectorAdj=+10.0 | Raw=65.0 → Final=75.0","2026-05-26 14:14:00"
95,AAPL,MOMENTUM,BUY,65.0,308.329986572266,BULL,"RSI overbought (77.6) | MACD above signal | Above MA50 (271.53) | Above MA200 (261.53) | Low volume (1.0x avg) | Regime=BULL | VolAdj=+0.0 | SectorAdj=+10.0 | Raw=55.0 → Final=65.0","2026-05-27 09:03:03"
96,HON,MOMENTUM,BUY,95.0,231.720001220703,BULL,"RSI (66.4) | MACD above signal | Above MA50 (221.71) | Above MA200 (209.60) | High volume (1.6x avg) | Regime=BULL | VolAdj=+10.0 | SectorAdj=+0.0 | Raw=75.0 → Final=95.0","2026-05-27 09:39:55"
97,BSX,PAPER_MEAN_REVERSION,BUY,90.0,51.5449981689453,BULL,"[PAPER SCANNER] At lower BB — strong oversold (-0.04) | RSI oversold (33.6) | 5%+ below MA20 — strong reversion candidate | Regime=BULL | VolAdj=-10.0 | SectorAdj=+0.0 | Raw=90.0 → Final=90.0","2026-05-27 13:53:49"
98,AZO,PAPER_MEAN_REVERSION,BUY,90.0,3061.57006835938,BULL,"[PAPER SCANNER] At lower BB — strong oversold (-0.12) | RSI oversold (28.2) | 5%+ below MA20 — strong reversion candidate | Regime=BULL | VolAdj=-10.0 | SectorAdj=+0.0 | Raw=90.0 → Final=90.0","2026-05-27 13:53:49"
99,TSLA,MOMENTUM,BUY,70.0,438.320007324219,BULL,"RSI (62.4) | MACD bullish crossover | Above MA50 (390.04) | Above MA200 (411.13) | Low volume (0.2x avg) | Regime=BULL | VolAdj=-10.0 | SectorAdj=+0.0 | Raw=70.0 → Final=70.0","2026-05-27 14:11:04"
100,TSLA,MOMENTUM,BUY,70.0,439.519989013672,BULL,"RSI (62.4) | MACD bullish crossover | Above MA50 (390.04) | Above MA200 (411.13) | Low volume (0.2x avg) | Regime=BULL | VolAdj=-10.0 | SectorAdj=+0.0 | Raw=70.0 → Final=70.0","2026-05-27 15:42:31"
101,SCHW,PAPER_MEAN_REVERSION,BUY,100.0,85.6100006103516,BULL,"[PAPER SCANNER] At lower BB — strong oversold (-0.24) | RSI oversold (34.7) | 5%+ below MA20 — strong reversion candidate | Regime=BULL | VolAdj=+10.0 | SectorAdj=+0.0 | Raw=90.0 → Final=100.0","2026-05-27 20:52:15"
102,COST,PAPER_MEAN_REVERSION,BUY,90.0,959.369995117188,BULL,"[PAPER SCANNER] At lower BB — strong oversold (-0.02) | RSI oversold (34.7) | 5%+ below MA20 — strong reversion candidate | Regime=BULL | VolAdj=-10.0 | SectorAdj=+0.0 | Raw=90.0 → Final=90.0","2026-05-29 13:53:14"
103,BSX,PAPER_MEAN_REVERSION,BUY,90.0,48.9300003051758,BULL,"[PAPER SCANNER] At lower BB — strong oversold (-0.04) | RSI oversold (29.5) | 5%+ below MA20 — strong reversion candidate | Regime=BULL | VolAdj=-10.0 | SectorAdj=+0.0 | Raw=90.0 → Final=90.0","2026-05-29 13:53:14"
104,IBM,PAPER_MOMENTUM,BUY,100.0,299.114990234375,BULL,"[PAPER SCANNER] RSI overbought (80.7) | MACD above signal | Above MA50 (238.02) | Above MA200 (267.19) | High volume (2.2x avg) | Regime=BULL | VolAdj=+10.0 | SectorAdj=+10.0 | Raw=70.0 → Final=100.0","2026-05-29 19:37:13"
105,CME,PAPER_MEAN_REVERSION,BUY,100.0,273.200012207031,BULL,"[PAPER SCANNER] At lower BB — strong oversold (0.02) | RSI oversold (33.7) | 5%+ below MA20 — strong reversion candidate | Regime=BULL | VolAdj=+0.0 | SectorAdj=+0.0 | Raw=90.0 → Final=100.0","2026-05-29 19:37:13"
106,SNPS,PAPER_MEAN_REVERSION,BUY,100.0,476.329986572266,BULL,"[PAPER SCANNER] At lower BB — strong oversold (0.04) | RSI below midline (44.0) | 5%+ below MA20 — strong reversion candidate | Regime=BULL | VolAdj=+10.0 | SectorAdj=+0.0 | Raw=80.0 → Final=100.0","2026-06-01 13:53:37"
107,ACGL,PAPER_MEAN_REVERSION,BUY,100.0,88.879997253418,BULL,"[PAPER SCANNER] At lower BB — strong oversold (-0.07) | RSI oversold (29.8) | 5%+ below MA20 — strong reversion candidate | Regime=BULL | VolAdj=+0.0 | SectorAdj=+0.0 | Raw=90.0 → Final=100.0","2026-06-01 13:53:37"
108,MSFT,MOMENTUM,BUY,75.0,463.385009765625,BULL,"RSI (73.9) | MACD above signal | Above MA50 (403.56) | Above MA200 (456.15) | Low volume (0.3x avg) | Regime=BULL | VolAdj=+5.0 | SectorAdj=+10.0 | Raw=60.0 → Final=75.0","2026-06-01 15:00:06"
109,IBM,MOMENTUM,BUY,65.0,318.940002441406,BULL,"RSI overbought (84.0) | MACD above signal | Above MA50 (239.34) | MA200 unavailable - neutral | Low volume (1.0x avg) | Regime=BULL | VolAdj=+10.0 | SectorAdj=+10.0 | Raw=45.0 → Final=65.0","2026-06-01 15:00:12"
110,MSFT,PAPER_MOMENTUM,BUY,100.0,463.649993896484,BULL,"[PAPER SCANNER] RSI (74.2) | MACD above signal | Above MA50 (403.57) | Above MA200 (456.15) | Normal volume (1.1x avg) | Regime=BULL | VolAdj=+10.0 | SectorAdj=+10.0 | Raw=70.0 → Final=100.0","2026-06-01 19:38:01"
111,WMT,PAPER_MEAN_REVERSION,BUY,100.0,114.275001525879,BULL,"[PAPER SCANNER] At lower BB — strong oversold (0.02) | RSI oversold (27.3) | 5%+ below MA20 — strong reversion candidate | Regime=BULL | VolAdj=+5.0 | SectorAdj=+0.0 | Raw=90.0 → Final=100.0","2026-06-01 19:38:02"
112,REGN,PAPER_MEAN_REVERSION,BUY,100.0,601.869995117188,BULL,"[PAPER SCANNER] At lower BB — strong oversold (0.10) | RSI oversold (25.2) | 5%+ below MA20 — strong reversion candidate | Regime=BULL | VolAdj=+5.0 | SectorAdj=+0.0 | Raw=90.0 → Final=100.0","2026-06-01 19:38:02"
113,CME,PAPER_MEAN_REVERSION,BUY,100.0,249.570007324219,BULL,"[PAPER SCANNER] At lower BB — strong oversold (-0.17) | RSI extremely oversold (22.4) | 5%+ below MA20 — strong reversion candidate | Regime=BULL | VolAdj=+10.0 | SectorAdj=+0.0 | Raw=100.0 → Final=100.0","2026-06-02 13:53:19"
114,ICE,PAPER_MEAN_REVERSION,BUY,100.0,141.270004272461,BULL,"[PAPER SCANNER] At lower BB — strong oversold (-0.17) | RSI extremely oversold (24.8) | 5%+ below MA20 — strong reversion candidate | Regime=BULL | VolAdj=+5.0 | SectorAdj=+0.0 | Raw=100.0 → Final=100.0","2026-06-02 13:53:19"
115,WELL,PAPER_MEAN_REVERSION,BUY,100.0,195.154998779297,BULL,"[PAPER SCANNER] At lower BB — strong oversold (-0.19) | RSI oversold (30.5) | 5%+ below MA20 — strong reversion candidate | Regime=BULL | VolAdj=+5.0 | SectorAdj=+0.0 | Raw=90.0 → Final=100.0","2026-06-02 19:38:02"
116,NVDA,MOMENTUM,BUY,75.0,222.820007324219,BULL,"RSI neutral (58.8) | MACD below signal | Above MA50 (201.27) | Above MA200 (188.06) | Normal volume (1.1x avg) | Regime=BULL | VolAdj=+5.0 | SectorAdj=+10.0 | Raw=60.0 → Final=75.0","2026-06-03 08:50:27"
117,NFLX,PAPER_MEAN_REVERSION,BUY,100.0,82.4700012207031,BULL,"[PAPER SCANNER] At lower BB — strong oversold (-0.15) | RSI oversold (29.0) | 5%+ below MA20 — strong reversion candidate | Regime=BULL | VolAdj=+0.0 | SectorAdj=+0.0 | Raw=90.0 → Final=100.0","2026-06-03 13:53:34"
118,BLK,PAPER_MEAN_REVERSION,BUY,100.0,993.015075683594,BULL,"[PAPER SCANNER] At lower BB — strong oversold (-0.13) | RSI oversold (34.3) | 5%+ below MA20 — strong reversion candidate | Regime=BULL | VolAdj=+0.0 | SectorAdj=+0.0 | Raw=90.0 → Final=100.0","2026-06-03 13:53:35"
119,AMZN,MEAN_REVERSION,BUY,80.0,248.929992675781,BULL,"At lower BB — strong oversold (-0.21) | RSI below midline (38.6) | 5%+ below MA20 — strong reversion candidate | Regime=BULL | VolAdj=+0.0 | SectorAdj=-10.0 | Raw=80.0 → Final=80.0","2026-06-03 18:12:01"
120,IBM,MOMENTUM,BUY,80.0,308.730102539063,BULL,"RSI (71.8) | MACD above signal | Above MA50 (242.46) | Above MA200 (268.46) | Low volume (0.8x avg) | Regime=BULL | VolAdj=+10.0 | SectorAdj=+10.0 | Raw=60.0 → Final=80.0","2026-06-03 18:12:07"
121,ISRG,MEAN_REVERSION,BUY,100.0,405.600006103516,BULL,"At lower BB — strong oversold (0.06) | RSI oversold (34.1) | 5%+ below MA20 — strong reversion candidate | Regime=BULL | VolAdj=+5.0 | SectorAdj=+0.0 | Raw=90.0 → Final=100.0","2026-06-03 18:57:05"
122,T,PAPER_MEAN_REVERSION,BUY,100.0,23.5849990844727,BULL,"[PAPER SCANNER] At lower BB — strong oversold (-0.20) | RSI oversold (30.4) | 5%+ below MA20 — strong reversion candidate | Regime=BULL | VolAdj=+0.0 | SectorAdj=+0.0 | Raw=90.0 → Final=100.0","2026-06-03 19:37:36"
123,ASML,MOMENTUM,BUY,70.0,1707.43005371094,BULL,"RSI (65.5) | MACD above signal | Above MA50 (1480.63) | Above MA200 (1210.68) | Low volume (0.4x avg) | Regime=BULL | VolAdj=+0.0 | SectorAdj=+10.0 | Raw=60.0 → Final=70.0","2026-06-04 14:43:18"
124,T,PAPER_MEAN_REVERSION,BUY,100.0,22.6650009155273,BULL,"[PAPER SCANNER] At lower BB — strong oversold (-0.31) | RSI extremely oversold (24.7) | 5%+ below MA20 — strong reversion candidate | Regime=BULL | VolAdj=+5.0 | SectorAdj=+0.0 | Raw=100.0 → Final=100.0","2026-06-04 19:38:12"
125,OHI,PAPER_MEAN_REVERSION,BUY,95.0,44.0849990844727,BULL,"[PAPER SCANNER] At lower BB — strong oversold (0.05) | RSI oversold (33.8) | 5%+ below MA20 — strong reversion candidate | Regime=BULL | VolAdj=-5.0 | SectorAdj=+0.0 | Raw=90.0 → Final=95.0","2026-06-05 13:53:13"
126,SBAC,PAPER_MOMENTUM,BUY,85.0,209.434997558594,BULL,"[PAPER SCANNER] RSI neutral (54.4) | MACD bullish crossover | Above MA50 (206.72) | Above MA200 (194.48) | Low volume (0.0x avg) | Regime=BULL | VolAdj=+0.0 | SectorAdj=+0.0 | Raw=75.0 → Final=85.0","2026-06-05 13:53:14"
127,IBM,MOMENTUM,BUY,65.0,290.994995117188,BULL,"RSI (62.4) | MACD above signal | Above MA50 (244.69) | Above MA200 (269.05) | Low volume (0.1x avg) | Regime=BULL | VolAdj=-5.0 | SectorAdj=+10.0 | Raw=60.0 → Final=65.0","2026-06-05 13:55:10"
128,NVDA,MOMENTUM,BUY,65.0,210.830001831055,BULL,"RSI bullish zone (49.8) | MACD below signal | Above MA50 (203.38) | Above MA200 (188.39) | Low volume (0.1x avg) | Regime=BULL | VolAdj=-5.0 | SectorAdj=+10.0 | Raw=60.0 → Final=65.0","2026-06-05 14:55:03"
129,JPM,MOMENTUM,BUY,70.0,311.884613037109,BULL,"RSI neutral (58.6) | MACD above signal | Above MA50 (304.00) | Above MA200 (303.98) | Low volume (0.1x avg) | Regime=BULL | VolAdj=-5.0 | SectorAdj=+0.0 | Raw=65.0 → Final=70.0","2026-06-05 15:40:12"
130,CPRT,PAPER_MEAN_REVERSION,BUY,85.0,30.7150001525879,CHOPPY,"[PAPER SCANNER] At lower BB — strong oversold (0.06) | RSI oversold (34.5) | 5%+ below MA20 — strong reversion candidate | Regime=CHOPPY | VolAdj=+0.0 | SectorAdj=+0.0 | Raw=90.0 → Final=85.0","2026-06-05 19:37:53"
131,WBD,PAPER_MEAN_REVERSION,BUY,95.0,26.1350002288818,BULL,"[PAPER SCANNER] At lower BB — strong oversold (-0.24) | RSI oversold (28.8) | Below MA20 by 3.3% | Regime=BULL | VolAdj=+5.0 | SectorAdj=+0.0 | Raw=80.0 → Final=95.0","2026-06-08 13:53:09"
132,AAPL,PAPER_MEAN_REVERSION,BUY,90.0,291.065002441406,BULL,"[PAPER SCANNER] At lower BB — strong oversold (-0.03) | RSI below midline (42.8) | Below MA20 by 4.5% | Regime=BULL | VolAdj=+5.0 | SectorAdj=+5.0 | Raw=70.0 → Final=90.0","2026-06-09 19:37:23"
133,WU,PAPER_MEAN_REVERSION,BUY,90.0,7.4850001335144,CHOPPY,"[PAPER SCANNER] At lower BB — strong oversold (0.07) | RSI oversold (26.8) | 5%+ below MA20 — strong reversion candidate | Regime=CHOPPY | VolAdj=+5.0 | SectorAdj=+0.0 | Raw=90.0 → Final=90.0","2026-06-09 19:37:23"
134,ASML,MOMENTUM,BUY,80.0,1777.77001953125,CHOPPY,"RSI (63.4) | MACD above signal | Above MA50 (1495.10) | Above MA200 (1220.46) | Normal volume (1.2x avg) | Regime=CHOPPY | VolAdj=+5.0 | SectorAdj=+10.0 | Raw=70.0 → Final=80.0","2026-06-10 13:14:50"
135,LLY,MOMENTUM,BUY,70.0,1151.40002441406,CHOPPY,"RSI (70.5) | MACD above signal | Above MA50 (976.97) | Above MA200 (947.06) | Normal volume (1.4x avg) | Regime=CHOPPY | VolAdj=+5.0 | SectorAdj=+0.0 | Raw=70.0 → Final=70.0","2026-06-10 14:10:25"
136,AMZN,MEAN_REVERSION,BUY,70.0,238.104995727539,CHOPPY,"At lower BB — strong oversold (-0.01) | RSI oversold (33.4) | 5%+ below MA20 — strong reversion candidate | Regime=CHOPPY | VolAdj=-5.0 | SectorAdj=-10.0 | Raw=90.0 → Final=70.0","2026-06-10 19:24:28"
137,MSFT,MEAN_REVERSION,BUY,75.0,398.311401367188,CHOPPY,"Near lower BB — oversold (0.12) | RSI below midline (39.9) | 5%+ below MA20 — strong reversion candidate | Regime=CHOPPY | VolAdj=+0.0 | SectorAdj=+10.0 | Raw=70.0 → Final=75.0","2026-06-10 19:30:15"
138,CLOV,PAPER_MOMENTUM,BUY,85.0,4.78499984741211,CHOPPY,"[PAPER SCANNER] RSI overbought (76.4) | MACD bullish crossover | Above MA50 (2.93) | Above MA200 (2.64) | High volume (2.5x avg) | Regime=CHOPPY | VolAdj=+10.0 | SectorAdj=+0.0 | Raw=80.0 → Final=85.0","2026-06-10 19:37:56"
139,MSFT,PAPER_MEAN_REVERSION,BUY,80.0,389.579986572266,CHOPPY,"[PAPER SCANNER] At lower BB — strong oversold (0.02) | RSI below midline (36.7) | 5%+ below MA20 — strong reversion candidate | Regime=CHOPPY | VolAdj=-5.0 | SectorAdj=+10.0 | Raw=80.0 → Final=80.0","2026-06-11 13:53:15"
140,AAPL,MEAN_REVERSION,BUY,85.0,291.950012207031,BULL,"At lower BB — strong oversold (0.10) | RSI below midline (44.8) | Below MA20 by 3.9% | Regime=BULL | VolAdj=-5.0 | SectorAdj=+10.0 | Raw=70.0 | Uncapped=85.0 → Final=85.0","2026-06-12 13:47:31"
141,BR,PAPER_MEAN_REVERSION,BUY,85.0,141.580001831055,BULL,"[PAPER SCANNER] At lower BB — strong oversold (-0.03) | RSI below midline (35.6) | 5%+ below MA20 — strong reversion candidate | Regime=BULL | VolAdj=-5.0 | SectorAdj=+0.0 | Raw=80.0 | Uncapped=85.0 → Final=85.0","2026-06-12 13:55:09"
142,VZ,PAPER_MOMENTUM,BUY,85.0,47.6481018066406,BULL,"[PAPER SCANNER] RSI neutral (54.7) | MACD bullish crossover | Above MA50 (47.07) | Above MA200 (43.46) | Low volume (0.1x avg) | Regime=BULL | VolAdj=+0.0 | SectorAdj=+0.0 | Raw=75.0 | Uncapped=85.0 → Final=85.0","2026-06-12 13:55:09"
143,NTLA,PAPER_MOMENTUM,BUY,100.0,14.4799995422363,BULL,"[PAPER SCANNER] RSI neutral (57.1) | MACD bullish crossover | Above MA50 (13.66) | Above MA200 (13.41) | Normal volume (1.5x avg) | Regime=BULL | VolAdj=+10.0 | SectorAdj=+0.0 | Raw=85.0 | Uncapped=105.0 → Final=100.0","2026-06-15 19:37:51"
144,PTCT,PAPER_MOMENTUM,BUY,95.0,74.6999969482422,BULL,"[PAPER SCANNER] RSI neutral (57.2) | MACD above signal | Above MA50 (70.72) | Above MA200 (70.01) | Normal volume (1.4x avg) | Regime=BULL | VolAdj=+10.0 | SectorAdj=+0.0 | Raw=75.0 | Uncapped=95.0 → Final=95.0","2026-06-16 13:53:30"
145,COP,PAPER_MEAN_REVERSION,BUY,95.0,110.889999389648,BULL,"[PAPER SCANNER] At lower BB — strong oversold (0.01) | RSI below midline (38.3) | 5%+ below MA20 — strong reversion candidate | Regime=BULL | VolAdj=+5.0 | SectorAdj=+0.0 | Raw=80.0 | Uncapped=95.0 → Final=95.0","2026-06-16 19:38:00"
146,ASML,MOMENTUM,BUY,90.0,1803.89001464844,BULL,"RSI neutral (59.2) | MACD above signal | Above MA50 (1557.71) | Above MA200 (1252.73) | Low volume (0.9x avg) | Regime=BULL | VolAdj=+5.0 | SectorAdj=+10.0 | Raw=65.0 | Uncapped=90.0 → Final=90.0","2026-06-17 07:01:55"
147,HON,MOMENTUM,BUY,75.0,229.199996948242,BULL,"RSI neutral (56.7) | MACD above signal | Above MA50 (221.38) | Above MA200 (211.34) | Low volume (0.0x avg) | Regime=BULL | VolAdj=+0.0 | SectorAdj=+0.0 | Raw=65.0 | Uncapped=75.0 → Final=75.0","2026-06-17 13:32:13"
148,SLB,PAPER_MEAN_REVERSION,BUY,85.0,51.625,BULL,"[PAPER SCANNER] At lower BB — strong oversold (-0.14) | RSI below midline (37.0) | 5%+ below MA20 — strong reversion candidate | Regime=BULL | VolAdj=+0.0 | SectorAdj=+0.0 | Raw=80.0 | RawCap=85 | Uncapped=85.0 → Final=85.0","2026-06-17 13:52:47"
149,MSFT,MEAN_REVERSION,BUY,100.0,381.059997558594,BULL,"At lower BB — strong oversold (0.07) | RSI below midline (35.4) | 5%+ below MA20 — strong reversion candidate | Regime=BULL | VolAdj=+0.0 | SectorAdj=+10.0 | Raw=80.0 | Uncapped=100.0 → Final=100.0","2026-06-17 19:16:52"
150,AMGN,PAPER_MOMENTUM,BUY,90.0,340.295013427734,BULL,"[PAPER SCANNER] RSI bullish zone (49.1) | MACD above signal | Above MA50 (339.09) | Above MA200 (327.59) | Low volume (0.6x avg) | Regime=BULL | VolAdj=+5.0 | SectorAdj=+0.0 | Raw=75.0 | Uncapped=90.0 → Final=90.0","2026-06-17 19:37:58"
151,BHVN,PAPER_MOMENTUM,BUY,90.0,13.2749996185303,BULL,"[PAPER SCANNER] RSI (69.5) | MACD above signal | Above MA50 (10.19) | Above MA200 (11.58) | High volume (1.8x avg) | Regime=BULL | VolAdj=+5.0 | SectorAdj=+0.0 | Raw=75.0 | Uncapped=90.0 → Final=90.0","2026-06-17 19:37:58"
152,AMZN,MEAN_REVERSION,BUY,65.0,236.544998168945,BULL,"Near lower BB — oversold (0.17) | RSI below midline (36.2) | 5%+ below MA20 — strong reversion candidate | Regime=BULL | VolAdj=-5.0 | SectorAdj=-10.0 | Raw=70.0 | Uncapped=65.0 → Final=65.0","2026-06-18 13:44:56"
153,MSFT,PAPER_MEAN_REVERSION,BUY,85.0,374.109008789063,BULL,"[PAPER SCANNER] At lower BB — strong oversold (0.06) | RSI oversold (32.9) | 5%+ below MA20 — strong reversion candidate | Regime=BULL | VolAdj=-5.0 | SectorAdj=+10.0 | Raw=90.0 | RawCap=85 | Uncapped=85.0 → Final=85.0","2026-06-18 13:53:30"
154,JNJ,PAPER_MOMENTUM,BUY,85.0,231.664993286133,BULL,"[PAPER SCANNER] RSI bullish zone (49.8) | MACD above signal | Above MA50 (229.59) | Above MA200 (213.66) | Low volume (0.4x avg) | Regime=BULL | VolAdj=+0.0 | SectorAdj=+0.0 | Raw=75.0 | Uncapped=85.0 → Final=85.0","2026-06-18 13:53:30"
155,MRNA,PAPER_MOMENTUM,BUY,100.0,63.8400001525879,BULL,"[PAPER SCANNER] RSI (74.8) | MACD above signal | Above MA50 (50.20) | Above MA200 (39.22) | High volume (2.1x avg) | Regime=BULL | VolAdj=+15.0 | SectorAdj=+0.0 | Raw=75.0 | Uncapped=100.0 → Final=100.0","2026-06-18 19:37:56"
156,WRBY,PAPER_MOMENTUM,BUY,100.0,26.1499996185303,BULL,"[PAPER SCANNER] RSI neutral (54.6) | MACD bullish crossover | Above MA50 (24.66) | Above MA200 (23.94) | Normal volume (1.2x avg) | Regime=BULL | VolAdj=+5.0 | SectorAdj=+0.0 | Raw=85.0 | Uncapped=100.0 → Final=100.0","2026-06-18 19:37:57"
157,NVDA,MOMENTUM,BUY,70.0,210.690002441406,BULL,"RSI neutral (50.5) | MACD below signal | Above MA50 (209.12) | Above MA200 (189.68) | Normal volume (1.4x avg) | Regime=BULL | VolAdj=+0.0 | SectorAdj=+10.0 | Raw=60.0 | Uncapped=70.0 → Final=70.0","2026-06-22 07:04:21"
158,NFLX,PAPER_MEAN_REVERSION,BUY,85.0,76.620002746582,BULL,"[PAPER SCANNER] At lower BB — strong oversold (0.08) | RSI oversold (26.6) | 5%+ below MA20 — strong reversion candidate | Regime=BULL | VolAdj=+5.0 | SectorAdj=+0.0 | Raw=90.0 | RawCap=85 | Uncapped=85.0 → Final=85.0","2026-06-22 13:54:21"
159,V,MOMENTUM,BUY,75.0,331.315002441406,BULL,"RSI neutral (57.8) | MACD above signal | Above MA50 (321.22) | Above MA200 (327.87) | Low volume (0.1x avg) | Regime=BULL | VolAdj=+0.0 | SectorAdj=+0.0 | Raw=65.0 | Uncapped=75.0 → Final=75.0","2026-06-22 14:23:38"
160,XOM,MEAN_REVERSION,BUY,100.0,138.410003662109,BULL,"At lower BB — strong oversold (0.02) | RSI oversold (33.5) | 5%+ below MA20 — strong reversion candidate | Regime=BULL | VolAdj=+5.0 | SectorAdj=+0.0 | Raw=90.0 | Uncapped=105.0 → Final=100.0","2026-06-22 16:23:41"
161,GLW,PAPER_MOMENTUM,BUY,95.0,207.899993896484,BULL,"[PAPER SCANNER] RSI (60.6) | MACD bullish crossover | Above MA50 (179.77) | Above MA200 (120.93) | Normal volume (1.0x avg) | Regime=BULL | VolAdj=+5.0 | SectorAdj=+0.0 | Raw=80.0 | Uncapped=95.0 → Final=95.0","2026-06-22 19:38:05"
162,NOC,PAPER_MEAN_REVERSION,BUY,85.0,512.809997558594,CHOPPY,"[PAPER SCANNER] At lower BB — strong oversold (-0.01) | RSI oversold (34.0) | 5%+ below MA20 — strong reversion candidate | Regime=CHOPPY | VolAdj=+5.0 | SectorAdj=+0.0 | Raw=90.0 | RawCap=85 | Uncapped=85.0 → Final=85.0","2026-06-23 13:54:38"
163,HAL,PAPER_MEAN_REVERSION,BUY,85.0,35.0601997375488,CHOPPY,"[PAPER SCANNER] At lower BB — strong oversold (0.03) | RSI oversold (30.4) | 5%+ below MA20 — strong reversion candidate | Regime=CHOPPY | VolAdj=+0.0 | SectorAdj=+0.0 | Raw=90.0 | Uncapped=85.0 → Final=85.0","2026-06-23 13:54:39"
164,AMZN,MEAN_REVERSION,BUY,75.0,235.25,BULL,"Near lower BB — oversold (0.20) | RSI below midline (38.9) | 5%+ below MA20 — strong reversion candidate | Regime=BULL | VolAdj=+5.0 | SectorAdj=-10.0 | Raw=70.0 | Uncapped=75.0 → Final=75.0","2026-06-23 18:03:15"
165,META,MEAN_REVERSION,BUY,70.0,564.179992675781,BULL,"Near lower BB — oversold (0.19) | RSI below midline (39.7) | 5%+ below MA20 — strong reversion candidate | Regime=BULL | VolAdj=+0.0 | SectorAdj=-10.0 | Raw=70.0 | Uncapped=70.0 → Final=70.0","2026-06-23 18:03:20"
166,GOOGL,MEAN_REVERSION,BUY,85.0,346.820007324219,BULL,"At lower BB — strong oversold (0.06) | RSI below midline (37.7) | 5%+ below MA20 — strong reversion candidate | Regime=BULL | VolAdj=+5.0 | SectorAdj=-10.0 | Raw=80.0 | Uncapped=85.0 → Final=85.0","2026-06-23 18:03:21"
167,LGND,PAPER_MOMENTUM,BUY,100.0,280.200012207031,BULL,"[PAPER SCANNER] RSI (73.0) | MACD above signal | Above MA50 (233.37) | Above MA200 (202.44) | High volume (5.8x avg) | Regime=BULL | VolAdj=+15.0 | SectorAdj=+0.0 | Raw=75.0 | Uncapped=100.0 → Final=100.0","2026-06-23 19:37:57"
168,CNP,PAPER_MOMENTUM,BUY,95.0,43.5499992370605,BULL,"[PAPER SCANNER] RSI neutral (59.0) | MACD above signal | Above MA50 (42.45) | Above MA200 (40.30) | High volume (1.7x avg) | Regime=BULL | VolAdj=+5.0 | SectorAdj=+0.0 | Raw=80.0 | Uncapped=95.0 → Final=95.0","2026-06-23 19:37:58"
169,NFLX,PAPER_MEAN_REVERSION,BUY,85.0,72.254997253418,CHOPPY,"[PAPER SCANNER] At lower BB — strong oversold (0.01) | RSI extremely oversold (20.7) | 5%+ below MA20 — strong reversion candidate | Regime=CHOPPY | VolAdj=+5.0 | SectorAdj=+0.0 | Raw=100.0 | RawCap=85 | Uncapped=85.0 → Final=85.0","2026-06-24 19:39:18"
170,META,MEAN_REVERSION,BUY,65.0,549.570007324219,BULL,"Near lower BB — oversold (0.12) | RSI below midline (35.8) | 5%+ below MA20 — strong reversion candidate | Regime=BULL | VolAdj=-5.0 | SectorAdj=-10.0 | Raw=70.0 | Uncapped=65.0 → Final=65.0","2026-06-25 13:32:33"
171,GOOGL,MEAN_REVERSION,BUY,85.0,338.690002441406,BULL,"At lower BB — strong oversold (-0.00) | RSI oversold (34.0) | 5%+ below MA20 — strong reversion candidate | Regime=BULL | VolAdj=-5.0 | SectorAdj=-10.0 | Raw=90.0 | Uncapped=85.0 → Final=85.0","2026-06-25 13:32:35"
172,AAPL,PAPER_MEAN_REVERSION,BUY,85.0,278.315002441406,BULL,"[PAPER SCANNER] At lower BB — strong oversold (-0.08) | RSI oversold (34.0) | 5%+ below MA20 — strong reversion candidate | Regime=BULL | VolAdj=-5.0 | SectorAdj=+10.0 | Raw=90.0 | RawCap=85 | Uncapped=85.0 → Final=85.0","2026-06-25 13:54:17"
173,MSFT,PAPER_MEAN_REVERSION,BUY,85.0,358.962493896484,BULL,"[PAPER SCANNER] Near lower BB — oversold (0.11) | RSI oversold (30.5) | 5%+ below MA20 — strong reversion candidate | Regime=BULL | VolAdj=-5.0 | SectorAdj=+10.0 | Raw=80.0 | RawCap=85 | Uncapped=85.0 → Final=85.0","2026-06-25 13:54:18"
174,MSFT,MEAN_REVERSION,BUY,90.0,351.644989013672,BULL,"Near lower BB — oversold (0.11) | RSI oversold (30.5) | 5%+ below MA20 — strong reversion candidate | Regime=BULL | VolAdj=-5.0 | SectorAdj=+5.0 | Raw=80.0 | Uncapped=90.0 → Final=90.0","2026-06-25 16:52:24"
175,COST,MEAN_REVERSION,BUY,80.0,942.239990234375,BULL,"At lower BB — strong oversold (0.06) | RSI below midline (36.5) | Below MA20 by 2.6% | Regime=BULL | VolAdj=+0.0 | SectorAdj=+0.0 | Raw=70.0 | Uncapped=80.0 → Final=80.0","2026-06-26 07:10:55"
176,NDAQ,PAPER_MEAN_REVERSION,BUY,85.0,78.5550003051758,CHOPPY,"[PAPER SCANNER] At lower BB — strong oversold (0.04) | RSI oversold (31.0) | 5%+ below MA20 — strong reversion candidate | Regime=CHOPPY | VolAdj=+0.0 | SectorAdj=+0.0 | Raw=90.0 | Uncapped=85.0 → Final=85.0","2026-06-26 13:53:30"
177,ROL,PAPER_MEAN_REVERSION,BUY,85.0,42.8375015258789,CHOPPY,"[PAPER SCANNER] At lower BB — strong oversold (-0.02) | RSI extremely oversold (23.1) | 5%+ below MA20 — strong reversion candidate | Regime=CHOPPY | VolAdj=-5.0 | SectorAdj=+0.0 | Raw=100.0 | RawCap=85 | Uncapped=85.0 → Final=85.0","2026-06-26 13:53:30"
178,GOOG,PAPER_MEAN_REVERSION,BUY,80.0,335.690002441406,CHOPPY,"[PAPER SCANNER] At lower BB — strong oversold (-0.04) | RSI oversold (33.9) | 5%+ below MA20 — strong reversion candidate | Regime=CHOPPY | VolAdj=-5.0 | SectorAdj=+0.0 | Raw=90.0 | Uncapped=80.0 → Final=80.0","2026-06-26 13:53:30"
179,ALGM,PAPER_MOMENTUM,BUY,95.0,58.1399993896484,BULL,"[PAPER SCANNER] RSI neutral (59.1) | MACD above signal | Above MA50 (48.18) | Above MA200 (35.43) | High volume (2.2x avg) | Regime=BULL | VolAdj=+5.0 | SectorAdj=+0.0 | Raw=80.0 | Uncapped=95.0 → Final=95.0","2026-06-26 19:37:21"
180,KDP,PAPER_MOMENTUM,BUY,95.0,33.314998626709,BULL,"[PAPER SCANNER] RSI (73.4) | MACD bullish crossover | Above MA50 (29.61) | Above MA200 (27.76) | Normal volume (1.2x avg) | Regime=BULL | VolAdj=+5.0 | SectorAdj=+0.0 | Raw=80.0 | Uncapped=95.0 → Final=95.0","2026-06-26 19:37:21"
