id,signal_id,ticker,direction,quantity,price,total_value,currency,paper,status,opened_at,closed_at,pnl,notes
1,1,NVDA,BUY,0.2051,219.440002441406,45.0071445007324,GBP,1,VOID,"2026-05-12 12:11:17",,,
2,2,AAPL,BUY,0.1142,292.679992675781,33.4240551635742,GBP,1,VOID,"2026-05-12 12:11:18",,,
3,3,AMD,BUY,0.0589,458.790008544922,27.0227315032959,GBP,1,CLOSED,"2026-05-12 12:11:19","2026-05-13 19:19:05",15.4725736771484,
4,4,TSLA,BUY,0.0896,445.0,39.872,GBP,1,VOID,"2026-05-12 12:11:22",,,
5,5,META,BUY,0.0558,598.859985351563,33.4163871826172,GBP,1,VOID,"2026-05-12 12:11:23",,,
6,6,ASML,BUY,0.0287,1565.81005859375,44.9387486816406,GBP,1,VOID,"2026-05-12 12:11:25",,,
7,7,IBM,BUY,0.1495,223.550003051758,33.4207254562378,GBP,1,VOID,"2026-05-12 12:11:26",,,
8,8,NVDA,BUY,0.2733,219.525695800781,59.9963726623535,GBP,1,VOID,"2026-05-12 14:27:04",,,
9,9,AAPL,BUY,0.1515,294.200012207031,44.5713018493652,GBP,1,VOID,"2026-05-12 14:27:05",,,
10,10,AMD,BUY,0.0801,449.450012207031,36.0009459777832,GBP,1,VOID,"2026-05-12 14:27:06",,,
11,11,TSLA,BUY,0.1214,437.799987792969,53.1489185180664,GBP,1,VOID,"2026-05-12 14:27:08",,,
20,20,AAPL,BUY,5.0397,294.799987792969,1485.70349848022,GBP,1,VOID,"2026-05-13 13:06:13",,,
21,21,MSFT,BUY,2.9428,407.769989013672,1199.98552366943,GBP,1,VOID,"2026-05-13 13:06:13",,,
22,22,NVDA,BUY,9.0588,220.779998779297,2000.00185294189,GBP,1,VOID,"2026-05-13 13:06:14",,,
23,23,LLY,BUY,1.7896,989.869995117188,1771.47134326172,GBP,1,VOID,"2026-05-13 13:06:17",,,
24,24,JPM,BUY,6.56,304.880004882813,2000.01283203125,GBP,1,VOID,"2026-05-13 13:06:17",,,
25,25,UNH,BUY,3.6977,396.390014648438,1465.73135716553,GBP,1,VOID,"2026-05-13 13:06:18",,,
26,26,COST,BUY,0.0717,1021.88000488281,73.2687963500977,GBP,1,VOID,"2026-05-13 13:06:20",,,
27,27,AAPL,BUY,5.0252,295.654998779297,1485.72549986572,GBP,1,VOID,"2026-05-13 13:57:01",,,
28,28,MSFT,BUY,2.9814,402.5,1200.0135,GBP,1,VOID,"2026-05-13 13:57:02",,,
29,29,NVDA,BUY,8.9499,223.464996337891,1999.98937072449,GBP,1,VOID,"2026-05-13 13:57:03",,,
30,30,LLY,BUY,1.7612,1005.82012939453,1771.45041188965,GBP,1,VOID,"2026-05-13 13:57:06",,,
31,31,JPM,BUY,6.6254,301.869995117188,2000.00946564941,GBP,1,VOID,"2026-05-13 13:57:06",,,
32,32,UNH,BUY,3.7133,394.720001220703,1465.71378053284,GBP,1,VOID,"2026-05-13 13:57:08",,,
33,33,COST,BUY,0.0705,1039.38500976563,73.2766431884766,GBP,1,VOID,"2026-05-13 13:57:09",,,
34,34,AAPL,BUY,1.2551,295.929992675781,371.421733807373,GBP,1,VOID,"2026-05-13 14:14:14",,,
35,35,MSFT,BUY,0.7425,404.049987792969,300.007115936279,GBP,1,VOID,"2026-05-13 14:14:14",,,
36,36,NVDA,BUY,2.2303,224.184005737305,499.997587995911,GBP,1,VOID,"2026-05-13 14:14:15",,,
37,37,LLY,BUY,0.4423,1001.35498046875,442.899307861328,GBP,1,VOID,"2026-05-13 14:14:17",,,
38,38,JPM,BUY,1.6572,301.709991455078,499.993797839355,GBP,1,VOID,"2026-05-13 14:14:17",,,
39,39,UNH,BUY,1.257,397.779998779297,500.009458465576,GBP,1,VOID,"2026-05-13 14:14:19",,,
40,40,COST,BUY,0.4829,1035.47998046875,500.033282568359,GBP,1,VOID,"2026-05-13 14:14:20",,,
41,41,HD,BUY,1.6418,304.545013427734,500.002003045654,GBP,1,VOID,"2026-05-13 14:14:21",,,
42,42,BAC,BUY,9.8981,50.5149993896484,500.002515458679,GBP,1,VOID,"2026-05-13 14:14:22",,,
43,43,KO,BUY,6.2066,80.5599975585938,500.003680847168,GBP,1,VOID,"2026-05-13 14:14:22",,,
44,44,CRM,BUY,2.9568,169.100006103516,499.994898046875,GBP,1,VOID,"2026-05-13 14:14:24",,,
45,45,AMD,BUY,0.688,436.015014648438,299.978330078125,GBP,1,VOID,"2026-05-13 14:14:25",,,
46,46,TMO,BUY,0.8209,452.489990234375,371.449032983398,GBP,1,VOID,"2026-05-13 14:14:27",,,
47,47,ACN,BUY,3.0675,162.998992919922,499.99941078186,GBP,1,VOID,"2026-05-13 14:14:27",,,
48,48,LIN,BUY,0.8649,512.02001953125,442.846114892578,GBP,1,VOID,"2026-05-13 14:14:28",,,
49,49,MCD,BUY,1.8102,276.209991455078,499.995326531982,GBP,1,VOID,"2026-05-13 14:14:29",,,
50,50,IBM,BUY,2.3362,214.020004272461,499.993533981323,GBP,1,VOID,"2026-05-13 14:14:32",,,
51,51,ISRG,BUY,1.1608,430.75,500.0146,GBP,1,VOID,"2026-05-13 14:14:36",,,
52,52,AMGN,BUY,0.902,332.609985351563,300.014206787109,GBP,1,VOID,"2026-05-13 14:14:38",,,
53,53,DHR,BUY,3.0261,165.229995727539,500.002490071106,GBP,1,VOID,"2026-05-13 14:14:39",,,
56,56,LLY,BUY,0.3023,992.289978027344,299.969260357666,GBP,1,CLOSED,"2026-05-18 13:45:07","2026-06-02 13:45:04",22.8566956115723,
57,57,XOM,BUY,1.919,156.330001831055,299.997273513794,GBP,1,CLOSED,"2026-05-18 13:45:09","2026-05-22 17:00:07",-4.33692945861816,
58,58,HD,BUY,1.663,300.670013427734,500.014232330322,GBP,1,CLOSED,"2026-05-18 13:45:15","2026-06-26 13:45:03",80.9049398498535,
59,59,TMO,BUY,1.1401,438.570007324219,500.013665350342,GBP,1,CLOSED,"2026-05-18 13:45:22","2026-06-05 19:30:10",36.1924689331055,
60,60,LIN,BUY,0.5897,508.747100830078,300.008165359497,GBP,1,OPEN,"2026-05-18 13:45:23",,,
61,61,GS,BUY,0.3147,953.156799316406,299.958444744873,GBP,1,CLOSED,"2026-05-18 13:45:29","2026-06-09 19:30:05",23.7702798156739,
62,62,ISRG,BUY,0.8673,428.269989013672,371.438561471558,GBP,1,CLOSED,"2026-05-18 13:45:30","2026-05-27 20:45:04",-8.43015705871579,
63,63,BKNG,BUY,2.3857,155.690002441406,371.429638824463,GBP,1,CLOSED,"2026-05-18 13:45:31","2026-06-10 19:30:08",12.17898830719,
64,64,RTX,BUY,2.1581,172.110000610352,371.4305923172,GBP,1,CLOSED,"2026-05-18 13:45:32","2026-06-22 19:30:09",22.2068345108032,
65,65,DHR,BUY,3.065,163.130004882813,499.99346496582,GBP,1,CLOSED,"2026-05-18 13:45:34","2026-06-09 19:30:06",78.9850163269043,
66,66,BLK,BUY,0.2767,1084.19995117188,299.998126489258,GBP,1,CLOSED,"2026-05-18 13:45:35","2026-05-20 13:45:14",-14.5101317871093,
67,67,T,BUY,20.7082,24.1450004577637,499.999498479462,GBP,1,CLOSED,"2026-05-18 13:45:36","2026-06-03 19:30:07",-11.3895336986541,
68,68,LOW,BUY,1.69,219.779998779297,371.428197937012,GBP,1,CLOSED,"2026-05-18 13:45:37","2026-06-01 19:30:09",-19.189942779541,
69,69,UNP,BUY,1.3662,271.859985351563,371.415111987305,GBP,1,CLOSED,"2026-05-18 13:45:38","2026-05-29 13:45:07",-11.0661866455079,
70,70,BA,BUY,1.694,219.259994506836,371.42643069458,GBP,1,CLOSED,"2026-05-18 13:45:42","2026-06-02 19:30:11",-4.7093179321289,
71,71,ETN,BUY,1.2982,385.144989013672,499.995224737549,GBP,1,CLOSED,"2026-05-18 13:45:43","2026-06-05 13:45:05",18.8303973388672,
72,72,CI,BUY,1.0489,286.024993896484,300.011616098022,GBP,1,CLOSED,"2026-05-18 13:45:50","2026-06-01 19:30:09",-11.9522039764404,
73,73,EQIX,BUY,0.2827,1061.15002441406,299.987111901855,GBP,1,OPEN,"2026-05-18 13:45:50",,,
74,74,ANET,BUY,2.6555,139.869995117188,371.424772033691,GBP,1,CLOSED,"2026-05-18 13:45:54","2026-06-01 13:45:08",77.7397868118286,
75,75,EOG,BUY,2.145,139.860000610352,299.999701309204,GBP,1,CLOSED,"2026-05-18 13:45:55","2026-05-27 13:45:08",-12.4195355987549,
77,77,REGN,BUY,0.7554,644.874816894531,487.138436682129,GBP,1,CLOSED,"2026-05-20 13:49:11","2026-06-01 13:45:08",-25.1206923706055,
79,79,WMT,BUY,4.2256,120.245002746582,508.107283605957,GBP,1,CLOSED,"2026-05-22 17:06:28","2026-06-01 19:30:10",-25.4381300537109,
89,89,IBM,BUY,2.0334,250.815002441406,510.007225964355,GBP,1,CLOSED,"2026-05-26 13:54:24","2026-05-29 19:30:13",99.3010716247558,
90,90,INTU,BUY,1.6412,310.75,510.0029,GBP,1,CLOSED,"2026-05-26 13:54:24","2026-06-02 13:45:07",22.5993059692383,
91,91,DE,BUY,0.9669,527.482971191406,510.023284844971,GBP,1,CLOSED,"2026-05-26 13:54:24","2026-06-11 13:45:05",34.4622776550293,
92,92,UBER,BUY,7.234,70.5,509.997,GBP,1,CLOSED,"2026-05-26 13:54:25","2026-06-08 13:45:05",-1.33827233886723,
93,93,NKTR,BUY,0.6524,66.7799987792969,43.5672712036133,GBP,1,CLOSED,"2026-05-26 13:54:25","2026-06-02 13:45:08",-4.57006020812988,
97,97,BSX,BUY,5.3424,51.5449981689453,275.373998217773,GBP,1,CLOSED,"2026-05-27 13:53:49","2026-05-29 13:45:08",-14.0243298706055,
98,98,AZO,BUY,0.0045,3061.57006835938,13.7770653076172,GBP,1,CLOSED,"2026-05-27 13:53:49","2026-06-22 13:45:05",-0.274140747070312,
101,101,SCHW,BUY,4.0363,85.6100006103516,345.547645463562,GBP,1,CLOSED,"2026-05-27 20:52:15","2026-06-26 13:45:03",14.12705,
102,102,COST,BUY,0.5378,959.369995117188,515.949183374023,GBP,1,OPEN,"2026-05-29 13:53:14",,,
103,103,BSX,BUY,2.4067,48.9300003051758,117.759831734467,GBP,1,CLOSED,"2026-05-29 13:53:14","2026-06-12 13:45:06",-5.18643556213379,
104,104,IBM,BUY,1.7358,299.114990234375,519.203800048828,GBP,1,CLOSED,"2026-05-29 19:37:13","2026-06-03 13:45:07",14.2422686645508,
105,105,CME,BUY,0.3348,273.200012207031,91.4673640869141,GBP,1,CLOSED,"2026-05-29 19:37:13","2026-06-02 13:45:08",-7.36560510864258,
106,106,SNPS,BUY,1.0913,476.329986572266,519.818914346313,GBP,1,CLOSED,"2026-06-01 13:53:37","2026-06-05 13:45:06",2.58640897521968,
107,107,ACGL,BUY,4.2343,88.879997253418,376.344572370148,GBP,1,OPEN,"2026-06-01 13:53:37",,,
110,110,MSFT,BUY,1.1269,463.649993896484,522.487178121948,GBP,1,CLOSED,"2026-06-01 19:38:01","2026-06-03 13:45:07",-35.4860699951171,
111,111,WMT,BUY,4.572,114.275001525879,522.465306976318,GBP,1,OPEN,"2026-06-01 19:38:02",,,
112,112,REGN,BUY,0.1544,601.869995117188,92.9287272460938,GBP,1,CLOSED,"2026-06-01 19:38:02","2026-06-10 19:30:11",0.185281884765629,
113,113,CME,BUY,2.0783,249.570007324219,518.681346221924,GBP,1,CLOSED,"2026-06-02 13:53:19","2026-06-17 13:45:04",-0.831339027404738,
114,114,ICE,BUY,3.1252,141.270004272461,441.497017352295,GBP,1,CLOSED,"2026-06-02 13:53:19","2026-06-17 19:30:08",-21.7514129821777,
115,115,WELL,BUY,1.8983,195.154998779297,370.462734182739,GBP,1,CLOSED,"2026-06-02 19:38:02","2026-06-26 19:30:11",61.8561182449341,
117,117,NFLX,BUY,6.2702,82.4700012207031,517.103401654053,GBP,1,CLOSED,"2026-06-03 13:53:34","2026-06-16 19:30:08",-24.8299862594604,
118,118,BLK,BUY,0.5002,993.015075683594,496.706140856934,GBP,1,CLOSED,"2026-06-03 13:53:35","2026-06-23 19:30:10",11.2069345947265,
122,122,T,BUY,20.7342,23.5849990844727,489.016088017273,GBP,1,CLOSED,"2026-06-03 19:37:36","2026-06-04 19:30:12",-19.4901195259094,
124,124,T,BUY,20.7588,22.6650009155273,470.498221005249,GBP,1,CLOSED,"2026-06-04 19:38:12","2026-06-18 19:30:10",-10.068030670166,
125,125,OHI,BUY,11.8393,44.0849990844727,521.935529660797,GBP,1,OPEN,"2026-06-05 13:53:13",,,
126,126,SBAC,BUY,2.4678,209.434997558594,516.843686975098,GBP,1,CLOSED,"2026-06-05 13:53:14","2026-06-15 19:30:09",-34.1419919128418,
130,130,CPRT,BUY,16.8925,30.7150001525879,518.853140077591,GBP,1,CLOSED,"2026-06-05 19:37:53","2026-06-17 19:30:09",-18.1594503879547,
131,131,WBD,BUY,19.8162,26.1350002288818,517.896391535568,GBP,1,OPEN,"2026-06-08 13:53:09",,,
132,132,AAPL,BUY,1.7858,291.065002441406,519.783881359863,GBP,1,CLOSED,"2026-06-09 19:37:23","2026-06-25 13:45:05",-23.1350695190429,
133,133,WU,BUY,53.0811,7.4850001335144,397.312040587091,GBP,1,CLOSED,"2026-06-09 19:37:23","2026-06-16 13:45:07",-9.55461419906612,
138,138,CLOV,BUY,98.7992,4.78499984741211,472.754156924438,GBP,1,CLOSED,"2026-06-10 19:37:56","2026-06-12 13:45:09",-16.3018642311096,
139,139,MSFT,BUY,1.3402,389.579986572266,522.11509800415,GBP,1,CLOSED,"2026-06-11 13:53:15","2026-06-18 13:45:07",-20.8400936401368,
141,141,BR,BUY,3.6781,141.580001831055,520.745404734802,GBP,1,CLOSED,"2026-06-12 13:55:09","2026-06-18 13:45:07",-16.2575881286621,
142,142,VZ,BUY,1.9046,47.6481018066406,90.7505747009277,GBP,1,CLOSED,"2026-06-12 13:55:09","2026-06-18 19:30:10",-3.81510682907106,
143,143,NTLA,BUY,31.9824,14.4799995422363,463.105137359619,GBP,1,CLOSED,"2026-06-15 19:37:51","2026-06-26 13:45:04",71.1608522003174,
144,144,PTCT,BUY,5.2414,74.6999969482422,391.532564004517,GBP,1,OPEN,"2026-06-16 13:53:30",,,
145,145,COP,BUY,4.3939,110.889999389648,487.239568318176,GBP,1,CLOSED,"2026-06-16 19:38:00","2026-06-26 19:30:12",-25.2649249999999,
148,148,SLB,BUY,10.0013,51.625,516.3171125,GBP,1,CLOSED,"2026-06-17 13:52:47","2026-06-18 19:30:11",-35.9546857086182,
150,150,AMGN,BUY,1.5178,340.295013427734,516.499771380615,GBP,1,OPEN,"2026-06-17 19:37:58",,,
151,151,BHVN,BUY,30.8522,13.2749996185303,409.56294323082,GBP,1,CLOSED,"2026-06-17 19:37:58","2026-06-23 13:45:07",69.1089503614426,
153,153,MSFT,BUY,1.3825,374.109008789063,517.205704650879,GBP,1,CLOSED,"2026-06-18 13:53:30","2026-06-25 13:45:06",-20.6877573394776,
154,154,JNJ,BUY,2.0918,231.664993286133,484.596832955933,GBP,1,OPEN,"2026-06-18 13:53:30",,,
155,155,MRNA,BUY,8.0194,63.8400001525879,511.958497223663,GBP,1,CLOSED,"2026-06-18 19:37:56","2026-06-22 13:45:08",-25.9828694602966,
156,156,WRBY,BUY,19.5777,26.1499996185303,511.9568475317,GBP,1,CLOSED,"2026-06-18 19:37:57","2026-06-23 19:30:11",-7.83107253170016,
158,158,NFLX,BUY,6.5564,76.620002746582,502.35138600769,GBP,1,CLOSED,"2026-06-22 13:54:21","2026-06-24 19:30:12",-28.3892240051269,
161,161,GLW,BUY,1.9195,207.899993896484,399.064038284302,GBP,1,CLOSED,"2026-06-22 19:38:05","2026-06-23 13:45:08",-39.8584163284302,
162,162,NOC,BUY,1.0071,512.809997558594,516.45094854126,GBP,1,OPEN,"2026-06-23 13:54:38",,,
163,163,HAL,BUY,9.2781,35.0601997375488,325.292039184952,GBP,1,OPEN,"2026-06-23 13:54:39",,,
167,167,LGND,BUY,1.8404,280.200012207031,515.68010246582,GBP,1,OPEN,"2026-06-23 19:37:57",,,
168,168,CNP,BUY,11.2013,43.5499992370605,487.816606454086,GBP,1,OPEN,"2026-06-23 19:37:58",,,
169,169,NFLX,BUY,6.5691,72.254997253418,474.650302457428,GBP,1,OPEN,"2026-06-24 19:39:18",,,
172,172,AAPL,BUY,1.8612,278.315002441406,517.999882543945,GBP,1,OPEN,"2026-06-25 13:54:17",,,
173,173,MSFT,BUY,1.3237,358.962493896484,475.158653170776,GBP,1,OPEN,"2026-06-25 13:54:18",,,
176,176,NDAQ,BUY,6.631,78.5550003051758,520.898207023621,GBP,1,OPEN,"2026-06-26 13:53:30",,,
177,177,ROL,BUY,12.1598,42.8375015258789,520.895451054382,GBP,1,OPEN,"2026-06-26 13:53:30",,,
178,178,GOOG,BUY,1.2964,335.690002441406,435.188519165039,GBP,1,OPEN,"2026-06-26 13:53:30",,,
179,179,ALGM,BUY,8.9923,58.1399993896484,522.812316511536,GBP,1,OPEN,"2026-06-26 19:37:21",,,
180,180,KDP,BUY,11.2461,33.314998626709,374.663806055832,GBP,1,OPEN,"2026-06-26 19:37:21",,,
